{
	"class_name" : "PinholeCameraTrajectory",
	"extrinsic" : 
	[
		[
			1.0,
			-0.0,
			-0.0,
			0.0,
			0.0,
			-1.0,
			-0.0,
			0.0,
			0.0,
			-0.0,
			-1.0,
			0.0,
			14.876987732650388,
			4.9374633310219131,
			136.36081604005344,
			1.0
		]
	],
	"intrinsic" : 
	{
		"height" : 1026,
		"intrinsic_matrix" : 
		[
			888.54206428283408,
			0.0,
			0.0,
			0.0,
			888.54206428283408,
			0.0,
			807.0,
			512.5,
			1.0
		],
		"width" : 1615
	},
	"version_major" : 1,
	"version_minor" : 0
}