{
	"class_name" : "PinholeCameraTrajectory",
	"extrinsic" : 
	[
		[
			0.99987857396105972,
			-0.015448461585228397,
			-0.0020450839218720154,
			0.0,
			0.013136215314962932,
			0.76497888914796552,
			0.6439213764157421,
			0.0,
			-0.008383148620697967,
			-0.64387005225634975,
			0.76508893510925169,
			0.0,
			-0.1868800601892027,
			3.5679772072172895,
			4.6982947140869582,
			1.0
		]
	],
	"intrinsic" : 
	{
		"height" : 1026,
		"intrinsic_matrix" : 
		[
			888.54206428283408,
			0.0,
			0.0,
			0.0,
			888.54206428283408,
			0.0,
			807.0,
			512.5,
			1.0
		],
		"width" : 1615
	},
	"version_major" : 1,
	"version_minor" : 0
}